{
 "preferenceVersion": {"major":"1", "minor":"1"},
 "preference": [
 	{"prefName": "Resolution",
	 "prefType": "Enumeration",
	 "enumerationList": ["HD(1280x720)", "FHD(1920x1080)"],
	 "appApiAccess": "ReadWrite",
	 "webApiAccess": "ReadWrite",
	 "defaultValue": "HD(1280x720)"},

	{"prefName": "FrameRate",
	 "prefType": "Integer",
	 "appApiAccess": "ReadWrite",
	 "webApiAccess": "ReadWrite",
	 "defaultValue": "1"},

	{"prefName": "MinThreshold",
	 "prefType": "Integer",
	 "appApiAccess": "ReadWrite",
	 "webApiAccess": "ReadWrite",
	 "defaultValue": "0"}
 ]
}
